{
    "img_1730884381519.png": [
        [
            0,
            729.3502140522004,
            904.336882019043
        ],
        [
            3,
            445.0581228733063,
            853.6579711914062
        ]
    ],
    "img_1730884381619.png": [
        [
            0,
            729.9423570632935,
            901.1840744018555
        ],
        [
            3,
            445.40526390075684,
            851.9329986572266
        ]
    ],
    "img_1730884381787.png": [
        [
            0,
            729.9225439548492,
            896.0562805175781
        ],
        [
            3,
            445.5865730524063,
            849.1928291320801
        ]
    ],
    "img_1730884381887.png": [
        [
            0,
            730.2994320869446,
            892.8304107666015
        ],
        [
            3,
            445.6185978412628,
            846.9552673339844
        ]
    ],
    "img_1730884381987.png": [
        [
            0,
            730.5815356254578,
            890.2191864013672
        ],
        [
            3,
            445.7530086517334,
            844.7947059631348
        ],
        [
            4,
            445.6089108228684,
            844.2439559936523
        ]
    ],
    "img_1730884382055.png": [
        [
            0,
            730.7861430168151,
            888.1316871643066
        ],
        [
            4,
            446.06554534435276,
            843.2077774047851
        ]
    ],
    "img_1730884382119.png": [
        [
            0,
            731.0683563232423,
            886.1899047851563
        ],
        [
            4,
            446.2900207281113,
            841.7475532531738
        ]
    ],
    "img_1730884382155.png": [
        [
            0,
            731.370602273941,
            885.2481094360352
        ],
        [
            4,
            446.5025588512421,
            840.8811965942383
        ]
    ],
    "img_1730884382219.png": [
        [
            0,
            731.3691204071046,
            882.9667510986328
        ],
        [
            4,
            446.18384771347047,
            839.4574356079102
        ]
    ],
    "img_1730884382319.png": [
        [
            0,
            731.4155522346497,
            879.9193267822266
        ],
        [
            4,
            446.11798696517945,
            836.8238037109375
        ]
    ],
    "img_1730884382451.png": [
        [
            0,
            731.6411801815033,
            874.8421875
        ],
        [
            4,
            446.2955640077591,
            833.2723457336426
        ],
        [
            3,
            446.27007040977475,
            833.067758178711
        ]
    ],
    "img_1730884382551.png": [
        [
            0,
            731.8138999938965,
            871.4245635986329
        ],
        [
            3,
            446.1408735752106,
            830.6421768188477
        ]
    ],
    "img_1730884382619.png": [
        [
            0,
            731.7400261878967,
            868.7754501342773
        ],
        [
            3,
            446.2218822956085,
            828.7981048583985
        ]
    ],
    "img_1730884382719.png": [
        [
            0,
            732.2093937873841,
            864.9618240356446
        ]
    ],
    "img_1730884382819.png": [
        [
            0,
            731.861319732666,
            860.818196105957
        ]
    ],
    "img_1730884382887.png": [
        [
            0,
            732.0556089401244,
            857.7510803222656
        ],
        [
            3,
            446.5094742298126,
            820.3679840087891
        ]
    ],
    "img_1730884382987.png": [
        [
            0,
            732.370094013214,
            853.5323532104492
        ],
        [
            3,
            446.57034053802494,
            816.7531059265136
        ]
    ],
    "img_1730884383051.png": [
        [
            0,
            732.402146244049,
            850.2651313781738
        ],
        [
            3,
            446.53068687915805,
            814.3474197387695
        ]
    ],
    "img_1730884383119.png": [
        [
            0,
            732.4376561641693,
            847.4899246215821
        ],
        [
            3,
            446.59416017532345,
            812.7563491821289
        ]
    ],
    "img_1730884383219.png": [
        [
            0,
            732.268009853363,
            842.9724304199219
        ],
        [
            3,
            446.6026671886444,
            808.4503005981445
        ]
    ],
    "img_1730884383319.png": [
        [
            0,
            732.6101564407348,
            837.6750183105469
        ],
        [
            3,
            447.0855911254883,
            804.690316772461
        ]
    ],
    "img_1730884383387.png": [
        [
            0,
            732.6354579448699,
            834.523568725586
        ],
        [
            3,
            446.75606784820553,
            802.4738723754883
        ]
    ],
    "img_1730884383587.png": [
        [
            0,
            732.3771191596985,
            823.7899536132812
        ],
        [
            3,
            446.1978431224823,
            794.3943954467774
        ]
    ],
    "img_1730884383651.png": [
        [
            0,
            732.6356774806976,
            819.8264007568359
        ],
        [
            3,
            446.1572838783264,
            791.5790588378907
        ]
    ],
    "img_1730884383719.png": [
        [
            0,
            732.6425928592681,
            816.1887756347656
        ],
        [
            3,
            446.1293753862381,
            788.922476196289
        ]
    ],
    "img_1730884383819.png": [
        [
            0,
            732.5504426956177,
            810.8195915222168
        ],
        [
            3,
            445.77246501445774,
            785.5825317382812
        ]
    ],
    "img_1730884383919.png": [
        [
            0,
            732.1010528564453,
            804.480908203125
        ],
        [
            5,
            445.49535591602324,
            781.4361877441406
        ],
        [
            3,
            445.5304542064667,
            781.6836212158203
        ]
    ],
    "img_1730884383987.png": [
        [
            0,
            732.256539106369,
            801.083179473877
        ],
        [
            3,
            445.05076842308046,
            780.4103981018067
        ],
        [
            5,
            445.1649819374084,
            779.3483489990234
        ]
    ],
    "img_1730884384087.png": [
        [
            0,
            732.3276687145234,
            794.9223304748535
        ],
        [
            5,
            444.6445448160171,
            776.3123321533203
        ]
    ],
    "img_1730884384151.png": [
        [
            0,
            731.9941389083862,
            791.526163482666
        ],
        [
            5,
            444.70467019081116,
            773.9537696838379
        ]
    ],
    "img_1730884384287.png": [
        [
            0,
            731.4718631744385,
            783.585545349121
        ],
        [
            5,
            444.44449279308316,
            769.2896759033204
        ]
    ],
    "img_1730884384351.png": [
        [
            0,
            731.6335513114929,
            779.2895462036133
        ],
        [
            5,
            443.8196938276291,
            767.1090835571289
        ]
    ],
    "img_1730884384419.png": [
        [
            0,
            731.3637417793274,
            775.9811080932617
        ],
        [
            5,
            443.48937473297116,
            765.8707618713379
        ]
    ],
    "img_1730884384519.png": [
        [
            0,
            730.4425694465637,
            769.9327041625977
        ],
        [
            5,
            443.0702808380127,
            762.2202354431153
        ]
    ],
    "img_1730884384619.png": [
        [
            0,
            730.1152415275574,
            765.0622573852539
        ],
        [
            5,
            442.11560184955596,
            759.4906585693359
        ]
    ],
    "img_1730884384787.png": [
        [
            0,
            729.5221654891967,
            755.9623550415039
        ],
        [
            5,
            441.5778213977814,
            754.6427551269531
        ]
    ],
    "img_1730884384851.png": [
        [
            0,
            729.0471997261047,
            752.062425994873
        ],
        [
            5,
            441.0811764717102,
            752.8257080078125
        ]
    ],
    "img_1730884384951.png": [
        [
            0,
            728.6081280708313,
            747.7931800842285
        ],
        [
            5,
            440.4018228530884,
            749.4099853515625
        ]
    ],
    "img_1730884385051.png": [
        [
            0,
            728.3733345031739,
            742.1483154296875
        ],
        [
            5,
            440.39767911434177,
            745.5120254516602
        ]
    ],
    "img_1730884385119.png": [
        [
            0,
            727.9675774097442,
            738.779444885254
        ],
        [
            5,
            440.1545157432556,
            743.1347900390625
        ]
    ],
    "img_1730884385219.png": [
        [
            0,
            727.7561095237733,
            733.5768913269043
        ],
        [
            5,
            439.7160478115082,
            739.7543762207031
        ]
    ],
    "img_1730884385387.png": [
        [
            0,
            727.5579784393311,
            724.8137130737305
        ],
        [
            5,
            439.38756732940675,
            731.9091598510743
        ]
    ],
    "img_1730884385451.png": [
        [
            0,
            727.2090262413025,
            721.8358200073242
        ],
        [
            5,
            439.4380605697632,
            729.6931907653809
        ]
    ],
    "img_1730884385551.png": [
        [
            0,
            727.0618274688721,
            716.6871124267578
        ],
        [
            5,
            439.26358447074887,
            724.3085250854492
        ]
    ],
    "img_1730884385619.png": [
        [
            0,
            727.2792228221894,
            713.6104904174805
        ],
        [
            5,
            439.3908603668213,
            721.6301460266113
        ]
    ],
    "img_1730884385719.png": [
        [
            0,
            727.8612123012543,
            709.0001068115234
        ],
        [
            5,
            439.3695105075836,
            716.2412704467773
        ]
    ],
    "img_1730884385819.png": [
        [
            0,
            727.9676322937012,
            704.3975997924805
        ],
        [
            5,
            439.52999119758607,
            711.4576019287109
        ]
    ],
    "img_1730884385887.png": [
        [
            0,
            728.0098380565643,
            701.2069030761719
        ],
        [
            5,
            439.8375060081482,
            707.2318130493164
        ],
        [
            6,
            439.74494421482086,
            707.1036148071289
        ]
    ],
    "img_1730884386051.png": [
        [
            0,
            728.9105386734009,
            694.1966728210449
        ],
        [
            6,
            440.3656817674637,
            697.6189140319824
        ]
    ],
    "img_1730884386151.png": [
        [
            0,
            729.6243594169617,
            688.6945373535156
        ],
        [
            5,
            441.18301365375515,
            691.9851852416992
        ],
        [
            6,
            441.11185660362247,
            692.054852294922
        ]
    ],
    "img_1730884386219.png": [
        [
            0,
            730.2141424179077,
            685.4072845458985
        ],
        [
            5,
            442.05500996112823,
            687.8429832458496
        ],
        [
            6,
            441.81102333068844,
            687.6973342895508
        ]
    ],
    "img_1730884386319.png": [
        [
            0,
            730.6592513084412,
            680.5711280822753
        ],
        [
            6,
            443.45026991367337,
            681.3349533081055
        ]
    ],
    "img_1730884386387.png": [
        [
            0,
            731.5911260128022,
            677.9820396423339
        ],
        [
            5,
            443.66500339508053,
            677.6681304931641
        ],
        [
            6,
            443.60567383766175,
            677.6821182250977
        ]
    ],
    "img_1730884386451.png": [
        [
            5,
            444.47594130039215,
            672.9952774047852
        ],
        [
            0,
            732.1552233219146,
            675.7065887451172
        ]
    ],
    "img_1730884386551.png": [
        [
            0,
            733.4780913352967,
            671.1998229980469
        ],
        [
            5,
            445.41643278598787,
            667.5668830871582
        ]
    ],
    "img_1730884386619.png": [
        [
            0,
            734.0399932861328,
            668.491227722168
        ],
        [
            5,
            446.5762405633927,
            662.9355178833008
        ]
    ],
    "img_1730884386719.png": [
        [
            0,
            734.7567777633667,
            663.679515838623
        ],
        [
            6,
            447.4466452360153,
            655.8500526428223
        ],
        [
            5,
            447.30800836086274,
            656.0473068237305
        ]
    ],
    "img_1730884386851.png": [
        [
            0,
            737.1610243797303,
            658.6667472839355
        ],
        [
            6,
            449.0675605773926,
            647.1414672851562
        ]
    ],
    "img_1730884386951.png": [
        [
            0,
            738.0589259147645,
            654.0522216796875
        ],
        [
            6,
            450.4908387899399,
            641.6222885131837
        ],
        [
            5,
            450.58853223323825,
            641.2372863769532
        ]
    ],
    "img_1730884387051.png": [
        [
            0,
            739.891391468048,
            650.3583740234375
        ],
        [
            6,
            451.8743810176849,
            634.207364654541
        ],
        [
            5,
            452.10050292015075,
            633.7523559570312
        ]
    ],
    "img_1730884387119.png": [
        [
            0,
            740.5867712020873,
            647.0229110717773
        ],
        [
            6,
            452.8951128482818,
            629.4468505859376
        ],
        [
            5,
            453.0514772415161,
            629.6329689025879
        ]
    ],
    "img_1730884387183.png": [
        [
            0,
            741.1338544845581,
            643.6334663391114
        ],
        [
            6,
            453.7663407802582,
            625.4490074157715
        ],
        [
            5,
            453.8318173408508,
            625.2775728225707
        ]
    ],
    "img_1730884387251.png": [
        [
            0,
            742.2731356620789,
            641.3472190856934
        ],
        [
            5,
            454.37972388267514,
            620.9869718551636
        ],
        [
            6,
            454.3458055973053,
            621.1006561279297
        ]
    ],
    "img_1730884387351.png": [
        [
            0,
            743.6238298416138,
            636.8136322021484
        ],
        [
            7,
            698.1511543273926,
            1406.806497192383
        ],
        [
            5,
            455.3963394165039,
            614.6606636047363
        ],
        [
            6,
            454.9176415443421,
            614.5505950927735
        ]
    ],
    "img_1730884387451.png": [
        [
            0,
            744.3925345420838,
            632.2025016784668
        ],
        [
            7,
            695.7149652481079,
            1402.1063476562501
        ],
        [
            5,
            455.8801414966583,
            607.8415084838867
        ],
        [
            6,
            455.66148381233216,
            607.7607734680176
        ]
    ],
    "img_1730884387551.png": [
        [
            0,
            744.9421973705292,
            626.2542356491089
        ],
        [
            7,
            692.196025466919,
            1394.3566009521485
        ],
        [
            5,
            455.8129086494446,
            601.1398740768433
        ],
        [
            6,
            455.77503871917725,
            600.8179016113281
        ]
    ],
    "img_1730884387651.png": [
        [
            0,
            745.6368636131286,
            620.8306962966918
        ],
        [
            7,
            691.2521860599518,
            1390.8440505981446
        ],
        [
            6,
            456.7999966144562,
            594.7779344558716
        ]
    ],
    "img_1730884387751.png": [
        [
            0,
            746.0083182334901,
            614.8117446899414
        ],
        [
            7,
            691.4295161247254,
            1387.4159698486328
        ],
        [
            6,
            456.57398447990414,
            588.6044557571412
        ]
    ],
    "img_1730884387819.png": [
        [
            0,
            745.6765995979309,
            609.9388534545898
        ],
        [
            7,
            690.9780955791474,
            1382.3391021728514
        ],
        [
            5,
            455.83370966911315,
            583.973956298828
        ],
        [
            6,
            455.9576102018356,
            584.0005907058716
        ]
    ],
    "img_1730884387883.png": [
        [
            0,
            745.7286295890808,
            605.7817640304565
        ],
        [
            7,
            691.4056964874268,
            1379.475012207031
        ],
        [
            5,
            456.08334934711456,
            579.9268844604493
        ],
        [
            6,
            456.16251945495605,
            579.9460157394409
        ],
        [
            8,
            402.6367758274078,
            1410.8556060791016
        ]
    ],
    "img_1730884388019.png": [
        [
            0,
            745.7265988826751,
            597.1100662231446
        ],
        [
            7,
            691.3631065368653,
            1370.4287521362305
        ],
        [
            8,
            403.00142483711244,
            1407.1905487060546
        ],
        [
            5,
            455.90991604328156,
            571.6511718749999
        ]
    ],
    "img_1730884388083.png": [
        [
            0,
            744.8980157852174,
            592.1970451354981
        ],
        [
            7,
            691.9544262886047,
            1364.1390258789063
        ],
        [
            8,
            403.6880231380463,
            1403.7729248046874
        ],
        [
            5,
            455.0976334810257,
            567.3168083190918
        ],
        [
            6,
            455.19417436122893,
            567.1061775207519
        ]
    ],
    "img_1730884388183.png": [
        [
            0,
            744.5749688148499,
            585.498602104187
        ],
        [
            7,
            692.3825760364533,
            1357.3980255126953
        ],
        [
            8,
            405.1752686023712,
            1396.9137756347657
        ],
        [
            5,
            455.35317318439485,
            561.3713432312012
        ],
        [
            6,
            455.44677777290343,
            561.2096694946289
        ]
    ],
    "img_1730884388451.png": [
        [
            0,
            743.9374367713928,
            565.7664447784424
        ],
        [
            7,
            695.3817098617554,
            1338.807243347168
        ],
        [
            8,
            407.29538097381595,
            1382.7945861816406
        ],
        [
            6,
            454.52373938560487,
            544.3759433746337
        ],
        [
            5,
            454.41248960494994,
            544.0262161254883
        ]
    ],
    "img_1730884388519.png": [
        [
            0,
            743.7061008930206,
            560.9398963928223
        ],
        [
            7,
            695.6683138847351,
            1336.6634536743165
        ],
        [
            8,
            407.39686141014096,
            1377.3165557861328
        ],
        [
            6,
            454.39333510398865,
            539.7371768951416
        ],
        [
            5,
            454.3114482402802,
            539.7675968170166
        ]
    ],
    "img_1730884388583.png": [
        [
            0,
            743.2328365325928,
            555.6517528533935
        ],
        [
            7,
            695.6570626735687,
            1333.0528533935546
        ],
        [
            8,
            407.3228778362274,
            1372.9790008544921
        ],
        [
            5,
            454.14734520912174,
            535.3781990051269
        ],
        [
            6,
            454.4150142669678,
            535.4939712524414
        ]
    ],
    "img_1730884388683.png": [
        [
            0,
            743.5436992645264,
            549.0624786376953
        ],
        [
            7,
            695.7969069957734,
            1324.7761901855467
        ],
        [
            8,
            407.25333986282345,
            1366.5250885009766
        ],
        [
            5,
            453.77844269275664,
            527.5934490203857
        ],
        [
            6,
            453.8485295057297,
            527.9706424713135
        ]
    ],
    "img_1730884388783.png": [
        [
            0,
            743.5719096183776,
            541.9474082946778
        ],
        [
            7,
            695.6884014129638,
            1317.2179260253906
        ],
        [
            8,
            406.5129278421402,
            1359.8335205078126
        ],
        [
            6,
            453.8548137187958,
            520.3158561706542
        ],
        [
            5,
            453.7104140281677,
            520.4448692321777
        ]
    ],
    "img_1730884388883.png": [
        [
            0,
            743.7507215499878,
            534.6516857147217
        ],
        [
            7,
            695.3896680355073,
            1312.8822723388673
        ],
        [
            8,
            406.09998095035553,
            1352.6737030029296
        ],
        [
            6,
            453.5750701904297,
            512.7651630401612
        ],
        [
            5,
            453.47309579849247,
            512.8378517150878
        ]
    ],
    "img_1730884388951.png": [
        [
            0,
            744.1247557163239,
            530.389128112793
        ],
        [
            7,
            695.167991733551,
            1305.8535049438476
        ],
        [
            8,
            404.9079837322235,
            1347.5911315917967
        ],
        [
            6,
            453.72934899330136,
            508.04579734802246
        ],
        [
            5,
            453.4668390274048,
            508.54273529052733
        ]
    ],
    "img_1730884389051.png": [
        [
            0,
            744.2010444164276,
            523.6907020568848
        ],
        [
            7,
            694.3662468910217,
            1302.01611328125
        ],
        [
            8,
            404.44424173831936,
            1342.3214233398437
        ],
        [
            5,
            453.4248802423477,
            501.06588516235354
        ],
        [
            6,
            453.81249818801876,
            501.26062698364257
        ]
    ],
    "img_1730884389151.png": [
        [
            0,
            744.8129456520081,
            517.3457038879395
        ],
        [
            7,
            693.7592303276061,
            1293.8633026123046
        ],
        [
            8,
            403.23105931282043,
            1335.3403228759764
        ],
        [
            5,
            453.65174307823185,
            493.78615341186526
        ],
        [
            6,
            454.0231702566147,
            494.14059982299807
        ]
    ],
    "img_1730884389219.png": [
        [
            0,
            745.3341237068176,
            513.7032577514648
        ],
        [
            7,
            693.8497888565063,
            1291.6402038574217
        ],
        [
            8,
            401.8775111675263,
            1332.9425811767578
        ],
        [
            5,
            453.83017082214354,
            489.3603942871094
        ],
        [
            6,
            454.1358744621277,
            489.2512424468994
        ]
    ],
    "img_1730884389351.png": [
        [
            0,
            745.9324686050414,
            505.81607818603516
        ],
        [
            7,
            692.2628192424773,
            1283.096551513672
        ],
        [
            8,
            401.1024948120117,
            1323.2174407958985
        ],
        [
            5,
            454.1140855312347,
            480.97142181396487
        ],
        [
            6,
            454.19149935245514,
            481.3100471496582
        ]
    ],
    "img_1730884389451.png": [
        [
            0,
            746.3686862945557,
            500.3525787353516
        ],
        [
            7,
            691.5695799827575,
            1277.4395324707032
        ],
        [
            8,
            400.38296613693234,
            1316.5522186279297
        ],
        [
            5,
            454.0350526332855,
            474.86448669433594
        ],
        [
            6,
            454.48191781044005,
            475.2704364776611
        ]
    ],
    "img_1730884389551.png": [
        [
            0,
            746.9946378231049,
            495.1753185272217
        ],
        [
            7,
            691.6517961502076,
            1272.4364059448242
        ],
        [
            8,
            399.58739573955535,
            1311.6380432128906
        ],
        [
            5,
            454.74640359878543,
            469.4522190093994
        ],
        [
            6,
            454.92749321460724,
            469.55261154174804
        ]
    ],
    "img_1730884389619.png": [
        [
            0,
            747.5584607124329,
            492.2518825531006
        ],
        [
            7,
            691.108225440979,
            1268.87578125
        ],
        [
            8,
            398.9614990949631,
            1307.8200714111329
        ],
        [
            6,
            454.9843804359436,
            466.1797348022461
        ],
        [
            5,
            454.73169469833374,
            466.41138114929197
        ]
    ],
    "img_1730884389683.png": [
        [
            0,
            747.7764597892761,
            489.20130081176757
        ],
        [
            7,
            690.6570793151856,
            1265.9120117187501
        ],
        [
            8,
            398.3755305290222,
            1303.7986663818358
        ],
        [
            6,
            455.0072121620178,
            462.9372631072998
        ]
    ],
    "img_1730884389719.png": [
        [
            0,
            747.8322218894958,
            487.90668869018555
        ],
        [
            7,
            690.8031804084777,
            1265.1987731933593
        ],
        [
            8,
            397.98920235633847,
            1302.6049560546874
        ],
        [
            6,
            454.9445346832276,
            461.01262588500975
        ]
    ],
    "img_1730884390051.png": [
        [
            0,
            748.6003777503967,
            475.23998260498047
        ],
        [
            7,
            690.1847479820252,
            1254.223292541504
        ],
        [
            6,
            455.99644060134887,
            449.48897552490234
        ],
        [
            8,
            395.60586652755734,
            1290.1064422607421
        ]
    ],
    "img_1730884390119.png": [
        [
            0,
            748.7353922843932,
            473.3739444732666
        ],
        [
            7,
            689.8230627059937,
            1251.6081298828124
        ],
        [
            6,
            456.398246049881,
            447.61448364257814
        ],
        [
            8,
            395.23067979812623,
            1288.0984558105467
        ]
    ],
    "img_1730884390219.png": [
        [
            0,
            748.7452713966369,
            471.24668884277344
        ],
        [
            7,
            689.4225195884704,
            1248.9174606323243
        ],
        [
            6,
            456.7861658573151,
            444.96102447509764
        ],
        [
            8,
            395.09978156089784,
            1285.7645416259766
        ]
    ],
    "img_1730884390383.png": [
        [
            7,
            689.6699364662171,
            1247.2923034667967
        ],
        [
            0,
            748.4760107040405,
            468.7075080871582
        ],
        [
            8,
            394.853434920311,
            1283.0228103637694
        ],
        [
            6,
            457.35503807067875,
            442.53075790405273
        ]
    ],
    "img_1730884390483.png": [
        [
            0,
            748.4982935905456,
            467.5923599243164
        ],
        [
            7,
            689.5400810241699,
            1246.6310775756835
        ],
        [
            8,
            394.83329250812534,
            1281.5676788330077
        ],
        [
            6,
            457.4931809902191,
            441.64525299072267
        ]
    ],
    "img_1730884390551.png": [
        [
            0,
            748.5042210578919,
            467.1371814727783
        ],
        [
            7,
            689.3996329784394,
            1246.513200378418
        ],
        [
            8,
            394.98603456020356,
            1280.745390319824
        ],
        [
            6,
            457.60352518558506,
            441.32828826904296
        ]
    ],
    "img_1730884390619.png": [
        [
            0,
            748.5468110084533,
            466.8848251342773
        ],
        [
            7,
            689.5892570495606,
            1246.1091857910158
        ],
        [
            8,
            395.0937168836594,
            1280.3196472167967
        ],
        [
            6,
            457.56903061866757,
            441.11582412719724
        ]
    ],
    "img_1730884390719.png": [
        [
            0,
            748.5379198074342,
            466.89935607910155
        ],
        [
            7,
            689.3178009986877,
            1245.5268615722655
        ],
        [
            8,
            395.2017559528351,
            1280.3487091064453
        ],
        [
            6,
            457.5016331195831,
            441.1789047241211
        ]
    ],
    "img_1730884390819.png": [
        [
            0,
            748.7262815475464,
            466.6705955505371
        ],
        [
            7,
            688.2245125770569,
            1242.6953643798827
        ],
        [
            8,
            396.2865099191666,
            1277.533236694336
        ],
        [
            6,
            457.5475709915161,
            441.07521896362306
        ]
    ],
    "img_1730884390883.png": [
        [
            0,
            748.7570165634155,
            466.49513778686526
        ],
        [
            7,
            688.0289061546326,
            1242.1419662475585
        ],
        [
            6,
            457.5911762952805,
            440.8969093322754
        ],
        [
            8,
            396.74646492004393,
            1276.5703918457032
        ]
    ],
    "img_1730884390951.png": [
        [
            0,
            748.6665678024292,
            466.6020149230957
        ],
        [
            7,
            688.3606247901917,
            1243.2383056640626
        ],
        [
            8,
            396.0521828651428,
            1277.7241760253908
        ],
        [
            6,
            457.50783500671383,
            441.1822319030762
        ]
    ],
    "img_1730884391019.png": [
        [
            0,
            748.6408272266389,
            466.48569946289064
        ],
        [
            7,
            688.6298854827882,
            1243.9614578247072
        ],
        [
            8,
            395.6824845314026,
            1278.3776611328124
        ],
        [
            6,
            457.6194964170456,
            441.0638454437256
        ]
    ],
    "img_1730884391215.png": [
        [
            0,
            748.739783000946,
            466.3415782928467
        ],
        [
            7,
            687.9033316612243,
            1242.4786224365234
        ],
        [
            6,
            457.50262103080746,
            440.9834838867188
        ],
        [
            8,
            397.32269158363346,
            1276.175747680664
        ]
    ],
    "img_1730884391283.png": [
        [
            0,
            748.7784213066101,
            466.332445526123
        ],
        [
            7,
            688.1094758033752,
            1242.5131164550783
        ],
        [
            8,
            396.67349669933316,
            1276.686639404297
        ],
        [
            6,
            457.53593559265136,
            441.1597225189209
        ]
    ],
    "img_1730884391383.png": [
        [
            0,
            748.7264461994172,
            466.4170509338379
        ],
        [
            7,
            688.474069929123,
            1243.1486755371095
        ],
        [
            8,
            396.0190329551697,
            1277.863510131836
        ],
        [
            6,
            457.51958017349244,
            441.0856079101562
        ]
    ],
    "img_1730884391515.png": [
        [
            0,
            748.7752380371094,
            466.346297454834
        ],
        [
            7,
            688.0126605033875,
            1242.5434005737304
        ],
        [
            8,
            396.56765298843385,
            1276.903924560547
        ],
        [
            6,
            457.50778012275697,
            441.09450302124026
        ]
    ],
    "img_1730884391615.png": [
        [
            0,
            748.7386304378509,
            466.4385757446289
        ],
        [
            7,
            688.1633169651031,
            1242.4919311523438
        ],
        [
            8,
            396.7349118471146,
            1276.9223937988281
        ],
        [
            6,
            457.48689677715305,
            441.12020378112794
        ]
    ],
    "img_1730884391715.png": [
        [
            0,
            748.7246350288391,
            466.4790111541748
        ],
        [
            7,
            688.3878472328187,
            1242.8533035278322
        ],
        [
            8,
            396.5790139675141,
            1277.3078033447266
        ],
        [
            6,
            457.4737520694733,
            441.12037353515626
        ]
    ],
    "img_1730884391815.png": [
        [
            0,
            748.7285866737366,
            466.3926063537598
        ],
        [
            7,
            688.258924818039,
            1242.8140563964844
        ],
        [
            8,
            396.75475239753723,
            1276.6689849853517
        ],
        [
            6,
            457.57726321220395,
            441.0622497558594
        ]
    ],
    "img_1730884391951.png": [
        [
            0,
            748.7652491569519,
            466.37478218078616
        ],
        [
            7,
            688.1469066619874,
            1242.4749557495118
        ],
        [
            8,
            396.7558500766754,
            1276.7792572021483
        ],
        [
            6,
            457.58917303085326,
            441.07005844116213
        ]
    ],
    "img_1730884392051.png": [
        [
            0,
            748.7752380371094,
            466.4735450744629
        ],
        [
            7,
            688.3533801078796,
            1242.9779708862304
        ],
        [
            8,
            396.5028350353241,
            1277.324235534668
        ],
        [
            6,
            457.45015196800233,
            441.0821109771729
        ]
    ],
    "img_1730884392115.png": [
        [
            0,
            748.696314907074,
            466.4209892272949
        ],
        [
            7,
            688.2396605491639,
            1242.8200317382814
        ],
        [
            6,
            457.55267519950866,
            441.01522789001467
        ],
        [
            8,
            396.5208918571472,
            1277.037826538086
        ]
    ],
    "img_1730884392215.png": [
        [
            0,
            748.7863794803619,
            466.5355392456055
        ],
        [
            7,
            688.1560722827911,
            1242.8618591308593
        ],
        [
            8,
            396.7046707868576,
            1277.0114807128905
        ],
        [
            6,
            457.45492687225345,
            441.0999351501465
        ]
    ],
    "img_1730884392315.png": [
        [
            0,
            748.7022423744202,
            466.4911315917969
        ],
        [
            7,
            688.2922393798827,
            1242.911291503906
        ],
        [
            8,
            396.32083983421325,
            1277.3831741333008
        ],
        [
            6,
            457.53689606189727,
            441.00745315551757
        ]
    ],
    "img_1730884392415.png": [
        [
            0,
            748.7296843528748,
            466.41630401611326
        ],
        [
            7,
            688.3621615409851,
            1243.038946533203
        ],
        [
            8,
            396.30887513160707,
            1277.3955322265626
        ],
        [
            6,
            457.59065489768983,
            441.0807189941406
        ]
    ],
    "img_1730884392483.png": [
        [
            0,
            748.7151949882508,
            466.3350257873535
        ],
        [
            7,
            688.3220962524414,
            1242.9107482910156
        ],
        [
            8,
            396.1298985481262,
            1277.434100341797
        ],
        [
            6,
            457.5234220504761,
            441.1200340270996
        ]
    ],
    "img_1730884392551.png": [
        [
            0,
            748.7136582374573,
            466.4469276428223
        ],
        [
            7,
            688.3067287445068,
            1242.7972167968749
        ],
        [
            6,
            457.5658199071884,
            441.0135643005371
        ],
        [
            8,
            396.32726125717164,
            1277.2532104492186
        ]
    ],
    "img_1730884392651.png": [
        [
            0,
            748.7451616287232,
            466.51326751708984
        ],
        [
            7,
            688.3200106620789,
            1242.9031433105467
        ],
        [
            6,
            457.48538746833805,
            441.0906665802002
        ],
        [
            8,
            396.32973103523256,
            1277.5193847656249
        ]
    ],
    "img_1730884392751.png": [
        [
            0,
            748.7502109527587,
            466.4854278564453
        ],
        [
            7,
            688.3077166557313,
            1242.9478225708008
        ],
        [
            8,
            396.4174904823303,
            1277.594483947754
        ],
        [
            6,
            457.51228060722354,
            441.12302169799807
        ]
    ],
    "img_1730884392883.png": [
        [
            0,
            748.72408618927,
            466.4545665740967
        ],
        [
            7,
            688.2636448383331,
            1242.9540695190428
        ],
        [
            8,
            396.42253980636593,
            1277.2437042236327
        ],
        [
            6,
            457.56463990211483,
            441.12268218994143
        ]
    ],
    "img_1730884392983.png": [
        [
            0,
            748.7444481372833,
            466.4678413391113
        ],
        [
            7,
            688.3315362930298,
            1242.625833129883
        ],
        [
            8,
            396.17490339279175,
            1277.3642974853517
        ],
        [
            6,
            457.48632049560547,
            441.15259284973143
        ]
    ],
    "img_1730884393083.png": [
        [
            0,
            748.7300136566163,
            466.533162689209
        ],
        [
            7,
            688.3168273925781,
            1242.72999420166
        ],
        [
            6,
            457.57328412532803,
            441.0454441070557
        ],
        [
            8,
            396.27424335479736,
            1277.3966186523437
        ]
    ],
    "img_1730884393151.png": [
        [
            0,
            748.7016386508941,
            466.4945606231689
        ],
        [
            7,
            688.2650169372558,
            1242.936279296875
        ],
        [
            8,
            396.35020275115966,
            1277.3958038330077
        ],
        [
            6,
            457.59597864151004,
            441.05084228515625
        ]
    ],
    "img_1730884393251.png": [
        [
            0,
            748.7470276832581,
            466.5296997070312
        ],
        [
            7,
            688.3022282600404,
            1242.9131927490234
        ],
        [
            8,
            396.34537296295167,
            1277.31513671875
        ],
        [
            6,
            457.6492435216904,
            441.01448097229
        ]
    ],
    "img_1730884393315.png": [
        [
            0,
            748.7191466331482,
            466.38734397888186
        ],
        [
            7,
            688.2660048484803,
            1242.8535751342772
        ],
        [
            8,
            396.5763246536255,
            1277.165753173828
        ],
        [
            6,
            457.4935102939606,
            441.16770095825194
        ]
    ],
    "img_1730884393383.png": [
        [
            0,
            748.7270499229431,
            466.40795211791993
        ],
        [
            7,
            688.2882328510285,
            1242.8015625
        ],
        [
            6,
            457.55075426101683,
            441.11270065307616
        ],
        [
            8,
            396.53131980895995,
            1277.220346069336
        ]
    ],
    "img_1730884393451.png": [
        [
            0,
            748.6947781562804,
            466.4560943603516
        ],
        [
            7,
            688.3626554965973,
            1243.191860961914
        ],
        [
            8,
            396.44987201690674,
            1277.4074829101562
        ],
        [
            6,
            457.5769887924194,
            441.15588607788084
        ]
    ],
    "img_1730884393515.png": [
        [
            0,
            748.6810022830963,
            466.4383720397949
        ],
        [
            7,
            688.3112292289734,
            1242.9865264892578
        ],
        [
            8,
            396.34265620708464,
            1277.3928161621095
        ],
        [
            6,
            457.4885432958603,
            441.1255340576172
        ]
    ],
    "img_1730884393583.png": [
        [
            0,
            748.6730989933013,
            466.3633407592773
        ],
        [
            7,
            688.2663890361786,
            1243.0329711914062
        ],
        [
            8,
            396.37369308471676,
            1277.2211608886719
        ],
        [
            6,
            457.53220348358155,
            441.10764198303224
        ]
    ],
    "img_1730884393651.png": [
        [
            0,
            748.7033400535583,
            466.4945945739746
        ],
        [
            7,
            688.2416363716126,
            1242.7943649291992
        ],
        [
            6,
            457.4397240161896,
            441.079768371582
        ],
        [
            8,
            396.3695767879486,
            1277.274395751953
        ]
    ]
}